<?xml version="1.0" encoding="UTF-8"?>
<projectDescription>
	<name>fj21-agenda</name>
	<comment></comment>
	<projects>
	</projects>
	<buildSpec>
		<buildCommand>
			<name>org.eclipse.wst.jsdt.core.javascriptValidator</name>
			<arguments>
			</arguments>
		</buildCommand>
		<buildCommand>
			<name>org.eclipse.jdt.core.javabuilder</name>
			<arguments>
			</arguments>
		</buildCommand>
		<buildCommand>
			<name>org.eclipse.wst.common.project.facet.core.builder</name>
			<arguments>
			</arguments>
		</buildCommand>
		<buildCommand>
			<name>org.eclipse.wst.validation.validationbuilder</name>
			<arguments>
			</arguments>
		</buildCommand>
	</buildSpec>
	<natures>
		<nature>org.eclipse.jem.workbench.JavaEMFNature</nature>
		<nature>org.eclipse.wst.common.modulecore.ModuleCoreNature</nature>
		<nature>org.eclipse.wst.common.project.facet.core.nature</nature>
		<nature>org.eclipse.jdt.core.javanature</nature>
		<nature>org.eclipse.wst.jsdt.core.jsNature</nature>
	</natures>
	<linkedResources>
		<link>
			<name>WebContent/adiciona-cliente.html</name>
			<type>1</type>
			<locationURI>PARENT-2-PROJECT_LOC/Desktop/adiciona-cliente.html</locationURI>
		</link>
		<link>
			<name>WebContent/adiciona-produto.html</name>
			<type>1</type>
			<locationURI>PARENT-2-PROJECT_LOC/Desktop/Telas/adiciona-produto.html</locationURI>
		</link>
		<link>
			<name>WebContent/aviso.html</name>
			<type>1</type>
			<locationURI>PARENT-2-PROJECT_LOC/Desktop/HTML03/Novas%20Paginas/aviso.html</locationURI>
		</link>
		<link>
			<name>WebContent/manter-cadastro-alterar.html</name>
			<type>1</type>
			<locationURI>PARENT-2-PROJECT_LOC/Desktop/HTML03/Novas%20Paginas/manter-cadastro-alterar.html</locationURI>
		</link>
		<link>
			<name>WebContent/manter-cadastro-excluir.html</name>
			<type>1</type>
			<locationURI>PARENT-2-PROJECT_LOC/Desktop/HTML03/Novas%20Paginas/manter-cadastro-excluir.html</locationURI>
		</link>
		<link>
			<name>WebContent/opcoes-manter-cadastro.html</name>
			<type>1</type>
			<locationURI>PARENT-2-PROJECT_LOC/Desktop/HTML03/Novas%20Paginas/opcoes-manter-cadastro.html</locationURI>
		</link>
		<link>
			<name>WebContent/realizar-compra.html</name>
			<type>1</type>
			<locationURI>PARENT-2-PROJECT_LOC/Desktop/realizar-compra.html</locationURI>
		</link>
		<link>
			<name>WebContent/tela-login.html</name>
			<type>1</type>
			<locationURI>PARENT-2-PROJECT_LOC/Desktop/Telas/tela-login.html</locationURI>
		</link>
		<link>
			<name>WebContent/tela-principal.html</name>
			<type>1</type>
			<locationURI>PARENT-2-PROJECT_LOC/Desktop/HTML03/tela-principal.html</locationURI>
		</link>
	</linkedResources>
</projectDescription>
